Agartala,Agra,2566
Agra,Agartala,2566
Agartala,Ahmedabad,3220
Ahmedabad,Agartala,3220
Agartala,Allahabad,2083
Allahabad,Agartala,2083
Agartala,Amritsar,3126
Amritsar,Agartala,3126
Agartala,Asansol,2076
Asansol,Agartala,2076
Agartala,Bangalore,3277
Bangalore,Agartala,3277
Agartala,Baroda,3263
Baroda,Agartala,3263
Agartala,Bhopal,2697
Bhopal,Agartala,2697
Agartala,Bhubaneshwar,2286
Bhubaneshwar,Agartala,2286
Agartala,Bombay,3421
Bombay,Agartala,3421
Agartala,Calcutta,1863
Calcutta,Agartala,1863
Agartala,Calicut,3413
Calicut,Agartala,3413
Agartala,Chandigarh,2929
Chandigarh,Agartala,2929
Agartala,Cochin,3635
Cochin,Agartala,3635
Agartala,Coimbatore,3449
Coimbatore,Agartala,3449
Agartala,Delhi,2681
Delhi,Agartala,2681
Agartala,Gwalior,2490
Gwalior,Agartala,2490
Agartala,Hubli,3027
Hubli,Agartala,3027
Agartala,Hyderabad,3150
Hyderabad,Agartala,3150
Agartala,Imphal,3215
Imphal,Agartala,3215
Agartala,Indore,2886
Indore,Agartala,2886
Agartala,Jabalpur,2417
Jabalpur,Agartala,2417
Agartala,Jaipur,2793
Jaipur,Agartala,2793
Agartala,Jamshedpur,2131
Jamshedpur,Agartala,2131
Agartala,Jullundur,3056
Jullundur,Agartala,3056
Agartala,Kanpur,2276
Kanpur,Agartala,2276
Agartala,Kolhapur,3091
Kolhapur,Agartala,3091
Agartala,Lucknow,2247
Lucknow,Agartala,2247
Agartala,Ludhiana,2991
Ludhiana,Agartala,2991
Agartala,Madras,3023
Madras,Agartala,3023
Agartala,Madurai,3493
Madurai,Agartala,3493
Agartala,Meerut,2615
Meerut,Agartala,2615
Agartala,Nagpur,2674
Nagpur,Agartala,2674
Agartala,Nasik,3238
Nasik,Agartala,3238
Agartala,Panjim,2837
Panjim,Agartala,2837
Agartala,Patna,1681
Patna,Agartala,1681
Agartala,Pondicherry,3160
Pondicherry,Agartala,3160
Agartala,Pune,3338
Pune,Agartala,3338
Agartala,Ranchi,1983
Ranchi,Agartala,1983
Agartala,Shillong,2700
Shillong,Agartala,2700
Agartala,Shimla,2906
Shimla,Agartala,2906
Agartala,Surat,3423
Surat,Agartala,3423
Agartala,Trivandrum,3629
Trivandrum,Agartala,3629
Agartala,Varanasi,1961
Varanasi,Agartala,1961
Agartala,Vijayawada,3061
Vijayawada,Agartala,3061
Agartala,Vishakapatnam,2731
Vishakapatnam,Agartala,2731
Agra,Ahmedabad,878
Ahmedabad,Agra,878
Agra,Allahabad,483
Allahabad,Agra,483
Agra,Amritsar,645
Amritsar,Agra,645
Agra,Asansol,1079
Asansol,Agra,1079
Agra,Bangalore,1681
Bangalore,Agra,1681
Agra,Baroda,970
Baroda,Agra,970
Agra,Bhopal,782
Bhopal,Agra,782
Agra,Bhubaneshwar,1573
Bhubaneshwar,Agra,1573
Agra,Bombay,1180
Bombay,Agra,1180
Agra,Calcutta,1300
Calcutta,Agra,1300
Agra,Calicut,2056
Calicut,Agra,2056
Agra,Chandigarh,448
Chandigarh,Agra,448
Agra,Cochin,2064
Cochin,Agra,2064
Agra,Coimbatore,1970
Coimbatore,Agra,1970
Agra,Delhi,200
Delhi,Agra,200
Agra,Gwalior,515
Gwalior,Agra,515
Agra,Hubli,1290
Hubli,Agra,1290
Agra,Hyderabad,1246
Hyderabad,Agra,1246
Agra,Imphal,2419
Imphal,Agra,2419
Agra,Indore,591
Indore,Agra,591
Agra,Jabalpur,833
Jabalpur,Agra,833
Agra,Jaipur,230
Jaipur,Agra,230
Agra,Jamshedpur,1157
Jamshedpur,Agra,1157
Agra,Jullundur,575
Jullundur,Agra,575
Agra,Kanpur,290
Kanpur,Agra,290
Agra,Kolhapur,1461
Kolhapur,Agra,1461
Agra,Lucknow,369
Lucknow,Agra,369
Agra,Ludhiana,510
Ludhiana,Agra,510
Agra,Madras,1728
Madras,Agra,1728
Agra,Madurai,1893
Madurai,Agra,1893
Agra,Meerut,266
Meerut,Agra,266
Agra,Nagpur,770
Nagpur,Agra,770
Agra,Nasik,1005
Nasik,Agra,1005
Agra,Panjim,1480
Panjim,Agra,1480
Agra,Patna,885
Patna,Agra,885
Agra,Pondicherry,1560
Pondicherry,Agra,1560
Agra,Pune,1214
Pune,Agra,1214
Agra,Ranchi,1013
Ranchi,Agra,1013
Agra,Shillong,1904
Shillong,Agra,1904
Agra,Shimla,547
Shimla,Agra,547
Agra,Surat,1141
Surat,Agra,1141
Agra,Trivandrum,2150
Trivandrum,Agra,2150
Agra,Varanasi,605
Varanasi,Agra,605
Agra,Vijayawada,1512
Vijayawada,Agra,1512
Agra,Vishakapatnam,1680
Vishakapatnam,Agra,1680
Ahmedabad,Allahabad,1245
Allahabad,Ahmedabad,1245
Ahmedabad,Amritsar,1354
Amritsar,Ahmedabad,1354
Ahmedabad,Asansol,1719
Asansol,Ahmedabad,1719
Ahmedabad,Bangalore,1395
Bangalore,Ahmedabad,1395
Ahmedabad,Baroda,119
Baroda,Ahmedabad,119
Ahmedabad,Bhopal,523
Bhopal,Ahmedabad,523
Ahmedabad,Bhubaneshwar,1647
Bhubaneshwar,Ahmedabad,1647
Ahmedabad,Bombay,552
Bombay,Ahmedabad,552
Ahmedabad,Calcutta,1493
Calcutta,Ahmedabad,1493
Ahmedabad,Calicut,1648
Calicut,Ahmedabad,1648
Ahmedabad,Chandigarh,1155
Chandigarh,Ahmedabad,1155
Ahmedabad,Cochin,1845
Cochin,Ahmedabad,1845
Ahmedabad,Coimbatore,1669
Coimbatore,Ahmedabad,1669
Ahmedabad,Delhi,911
Delhi,Ahmedabad,911
Ahmedabad,Gwalior,919
Gwalior,Ahmedabad,919
Ahmedabad,Hubli,1101
Hubli,Ahmedabad,1101
Ahmedabad,Hyderabad,1209
Hyderabad,Ahmedabad,1209
Ahmedabad,Imphal,3073
Imphal,Ahmedabad,3073
Ahmedabad,Indore,442
Indore,Ahmedabad,442
Ahmedabad,Jabalpur,901
Jabalpur,Ahmedabad,901
Ahmedabad,Jaipur,648
Jaipur,Ahmedabad,648
Ahmedabad,Jamshedpur,1225
Jamshedpur,Ahmedabad,1225
Ahmedabad,Jullundur,1285
Jullundur,Ahmedabad,1285
Ahmedabad,Kanpur,1108
Kanpur,Ahmedabad,1108
Ahmedabad,Kolhapur,911
Kolhapur,Ahmedabad,911
Ahmedabad,Lucknow,1187
Lucknow,Ahmedabad,1187
Ahmedabad,Ludhiana,1218
Ludhiana,Ahmedabad,1218
Ahmedabad,Madras,1726
Madras,Ahmedabad,1726
Ahmedabad,Madurai,1827
Madurai,Ahmedabad,1827
Ahmedabad,Meerut,975
Meerut,Ahmedabad,975
Ahmedabad,Nagpur,875
Nagpur,Ahmedabad,875
Ahmedabad,Nasik,504
Nasik,Ahmedabad,504
Ahmedabad,Panjim,1136
Panjim,Ahmedabad,1136
Ahmedabad,Patna,1539
Patna,Ahmedabad,1539
Ahmedabad,Pondicherry,1723
Pondicherry,Ahmedabad,1723
Ahmedabad,Pune,664
Pune,Ahmedabad,664
Ahmedabad,Ranchi,1775
Ranchi,Ahmedabad,1775
Ahmedabad,Shillong,2518
Shillong,Ahmedabad,2518
Ahmedabad,Shimla,1254
Shimla,Ahmedabad,1254
Ahmedabad,Surat,263
Surat,Ahmedabad,263
Ahmedabad,Trivandrum,1928
Trivandrum,Ahmedabad,1928
Ahmedabad,Varanasi,1367
Varanasi,Ahmedabad,1367
Ahmedabad,Vijayawada,1478
Vijayawada,Ahmedabad,1478
Ahmedabad,Vishakapatnam,1785
Vishakapatnam,Ahmedabad,1785
Allahabad,Amritsar,1093
Amritsar,Allahabad,1093
Allahabad,Asansol,797
Asansol,Allahabad,797
Allahabad,Bangalore,1405
Bangalore,Allahabad,1405
Allahabad,Baroda,1182
Baroda,Allahabad,1182
Allahabad,Bhopal,778
Bhopal,Allahabad,778
Allahabad,Bhubaneshwar,1090
Bhubaneshwar,Allahabad,1090
Allahabad,Bombay,1352
Bombay,Allahabad,1352
Allahabad,Calcutta,817
Calcutta,Allahabad,817
Allahabad,Calicut,1643
Calicut,Allahabad,1643
Allahabad,Chandigarh,854
Chandigarh,Allahabad,854
Allahabad,Cochin,1607
Cochin,Allahabad,1607
Allahabad,Coimbatore,1487
Coimbatore,Allahabad,1487
Allahabad,Delhi,650
Delhi,Allahabad,650
Allahabad,Gwalior,473
Gwalior,Allahabad,473
Allahabad,Hubli,1570
Hubli,Allahabad,1570
Allahabad,Hyderabad,1084
Hyderabad,Allahabad,1084
Allahabad,Imphal,1936
Imphal,Allahabad,1936
Allahabad,Indore,803
Indore,Allahabad,803
Allahabad,Jabalpur,736
Jabalpur,Allahabad,736
Allahabad,Jaipur,710
Jaipur,Allahabad,710
Allahabad,Jamshedpur,875
Jamshedpur,Allahabad,875
Allahabad,Jullundur,1008
Jullundur,Allahabad,1008
Allahabad,Kanpur,193
Kanpur,Allahabad,193
Allahabad,Kolhapur,1611
Kolhapur,Allahabad,1611
Allahabad,Lucknow,234
Lucknow,Allahabad,234
Allahabad,Ludhiana,959
Ludhiana,Allahabad,959
Allahabad,Madras,1245
Madras,Allahabad,1245
Allahabad,Madurai,1410
Madurai,Allahabad,1410
Allahabad,Meerut,687
Meerut,Allahabad,687
Allahabad,Nagpur,608
Nagpur,Allahabad,608
Allahabad,Nasik,1155
Nasik,Allahabad,1155
Allahabad,Panjim,1419
Panjim,Allahabad,1419
Allahabad,Patna,402
Patna,Allahabad,402
Allahabad,Pondicherry,1077
Pondicherry,Allahabad,1077
Allahabad,Pune,1364
Pune,Allahabad,1364
Allahabad,Ranchi,704
Ranchi,Allahabad,704
Allahabad,Shillong,1421
Shillong,Allahabad,1421
Allahabad,Shimla,893
Shimla,Allahabad,893
Allahabad,Surat,1357
Surat,Allahabad,1357
Allahabad,Trivandrum,1699
Trivandrum,Allahabad,1699
Allahabad,Varanasi,508
Varanasi,Allahabad,508
Allahabad,Vijayawada,1350
Vijayawada,Allahabad,1350
Allahabad,Vishakapatnam,1518
Vishakapatnam,Allahabad,1518
Amritsar,Asansol,1689
Asansol,Amritsar,1689
Amritsar,Bangalore,2157
Bangalore,Amritsar,2157
Amritsar,Baroda,1420
Baroda,Amritsar,1420
Amritsar,Bhopal,1187
Bhopal,Amritsar,1187
Amritsar,Bhubaneshwar,2158
Bhubaneshwar,Amritsar,2158
Amritsar,Bombay,1700
Bombay,Amritsar,1700
Amritsar,Calcutta,1885
Calcutta,Amritsar,1885
Amritsar,Calicut,2426
Calicut,Amritsar,2426
Amritsar,Chandigarh,239
Chandigarh,Amritsar,239
Amritsar,Cochin,2204
Cochin,Amritsar,2204
Amritsar,Coimbatore,2399
Coimbatore,Amritsar,2399
Amritsar,Delhi,445
Delhi,Amritsar,445
Amritsar,Gwalior,701
Gwalior,Amritsar,701
Amritsar,Hubli,1766
Hubli,Amritsar,1766
Amritsar,Hyderabad,1833
Hyderabad,Amritsar,1833
Amritsar,Imphal,2979
Imphal,Amritsar,2979
Amritsar,Indore,1111
Indore,Amritsar,1111
Amritsar,Jabalpur,1245
Jabalpur,Amritsar,1245
Amritsar,Jaipur,706
Jaipur,Amritsar,706
Amritsar,Jamshedpur,1767
Jamshedpur,Amritsar,1767
Amritsar,Jullundur,393
Jullundur,Amritsar,393
Amritsar,Kanpur,900
Kanpur,Amritsar,900
Amritsar,Kolhapur,1981
Kolhapur,Amritsar,1981
Amritsar,Lucknow,939
Lucknow,Amritsar,939
Amritsar,Ludhiana,344
Ludhiana,Amritsar,344
Amritsar,Madras,2338
Madras,Amritsar,2338
Amritsar,Madurai,2503
Madurai,Amritsar,2503
Amritsar,Meerut,511
Meerut,Amritsar,511
Amritsar,Nagpur,1357
Nagpur,Amritsar,1357
Amritsar,Nasik,1525
Nasik,Amritsar,1525
Amritsar,Panjim,1956
Panjim,Amritsar,1956
Amritsar,Patna,1445
Patna,Amritsar,1445
Amritsar,Pondicherry,2170
Pondicherry,Amritsar,2170
Amritsar,Pune,1734
Pune,Amritsar,1734
Amritsar,Ranchi,1623
Ranchi,Amritsar,1623
Amritsar,Shillong,2464
Shillong,Amritsar,2464
Amritsar,Shimla,338
Shimla,Amritsar,338
Amritsar,Surat,1564
Surat,Amritsar,1564
Amritsar,Trivandrum,2395
Trivandrum,Amritsar,2395
Amritsar,Varanasi,1190
Varanasi,Amritsar,1190
Amritsar,Vijayawada,2099
Vijayawada,Amritsar,2099
Amritsar,Vishakapatnam,2267
Vishakapatnam,Amritsar,2267
Asansol,Bangalore,1640
Bangalore,Asansol,1640
Asansol,Baroda,1773
Baroda,Asansol,1773
Asansol,Bhopal,1374
Bhopal,Asansol,1374
Asansol,Bhubaneshwar,523
Bhubaneshwar,Asansol,523
Asansol,Bombay,1784
Bombay,Asansol,1784
Asansol,Calcutta,226
Calcutta,Asansol,226
Asansol,Calicut,1776
Calicut,Asansol,1776
Asansol,Chandigarh,1450
Chandigarh,Asansol,1450
Asansol,Cochin,1998
Cochin,Asansol,1998
Asansol,Coimbatore,1812
Coimbatore,Asansol,1812
Asansol,Delhi,1262
Delhi,Asansol,1262
Asansol,Gwalior,1069
Gwalior,Asansol,1069
Asansol,Hubli,1390
Hubli,Asansol,1390
Asansol,Hyderabad,1567
Hyderabad,Asansol,1567
Asansol,Imphal,1929
Imphal,Asansol,1929
Asansol,Indore,1394
Indore,Asansol,1394
Asansol,Jabalpur,1131
Jabalpur,Asansol,1131
Asansol,Jaipur,1304
Jaipur,Asansol,1304
Asansol,Jamshedpur,494
Jamshedpur,Asansol,494
Asansol,Jullundur,1604
Jullundur,Asansol,1604
Asansol,Kanpur,789
Kanpur,Asansol,789
Asansol,Kolhapur,1454
Kolhapur,Asansol,1454
Asansol,Lucknow,825
Lucknow,Asansol,825
Asansol,Ludhiana,1555
Ludhiana,Asansol,1555
Asansol,Madras,1386
Madras,Asansol,1386
Asansol,Madurai,1866
Madurai,Asansol,1866
Asansol,Meerut,1278
Meerut,Asansol,1278
Asansol,Nagpur,1122
Nagpur,Asansol,1122
Asansol,Nasik,1746
Nasik,Asansol,1746
Asansol,Panjim,1200
Panjim,Asansol,1200
Asansol,Patna,395
Patna,Asansol,395
Asansol,Pondicherry,1554
Pondicherry,Asansol,1554
Asansol,Pune,1701
Pune,Asansol,1701
Asansol,Ranchi,640
Ranchi,Asansol,640
Asansol,Shillong,1414
Shillong,Asansol,1414
Asansol,Shimla,1484
Shimla,Asansol,1484
Asansol,Surat,1871
Surat,Asansol,1871
Asansol,Trivandrum,1992
Trivandrum,Asansol,1992
Asansol,Varanasi,675
Varanasi,Asansol,675
Asansol,Vijayawada,1298
Vijayawada,Asansol,1298
Asansol,Vishakapatnam,968
Vishakapatnam,Asansol,968
Bangalore,Baroda,1276
Baroda,Bangalore,1276
Bangalore,Bhopal,1148
Bhopal,Bangalore,1148
Bangalore,Bhubaneshwar,1412
Bhubaneshwar,Bangalore,1412
Bangalore,Bombay,910
Bombay,Bangalore,910
Bangalore,Calcutta,1414
Calcutta,Bangalore,1414
Bangalore,Calicut,520
Calicut,Bangalore,520
Bangalore,Chandigarh,1958
Chandigarh,Bangalore,1958
Bangalore,Cochin,512
Cochin,Bangalore,512
Bangalore,Coimbatore,333
Coimbatore,Bangalore,333
Bangalore,Delhi,1714
Delhi,Bangalore,1714
Bangalore,Gwalior,1695
Gwalior,Bangalore,1695
Bangalore,Hubli,391
Hubli,Bangalore,391
Bangalore,Hyderabad,563
Hyderabad,Bangalore,563
Bangalore,Imphal,3131
Imphal,Bangalore,3131
Bangalore,Indore,1339
Indore,Bangalore,1339
Bangalore,Jabalpur,1296
Jabalpur,Bangalore,1296
Bangalore,Jaipur,1451
Jaipur,Bangalore,1451
Bangalore,Jamshedpur,1682
Jamshedpur,Bangalore,1682
Bangalore,Jullundur,2089
Jullundur,Bangalore,2089
Bangalore,Kanpur,1598
Kanpur,Bangalore,1598
Bangalore,Kolhapur,484
Kolhapur,Bangalore,484
Bangalore,Lucknow,1639
Lucknow,Bangalore,1639
Bangalore,Ludhiana,2021
Ludhiana,Bangalore,2021
Bangalore,Madras,331
Madras,Bangalore,331
Bangalore,Madurai,432
Madurai,Bangalore,432
Bangalore,Meerut,1778
Meerut,Bangalore,1778
Bangalore,Nagpur,1039
Nagpur,Bangalore,1039
Bangalore,Nasik,940
Nasik,Bangalore,940
Bangalore,Panjim,440
Panjim,Bangalore,440
Bangalore,Patna,1807
Patna,Bangalore,1807
Bangalore,Pondicherry,328
Pondicherry,Bangalore,328
Bangalore,Pune,731
Pune,Bangalore,731
Bangalore,Ranchi,1828
Ranchi,Bangalore,1828
Bangalore,Shillong,1872
Shillong,Bangalore,1872
Bangalore,Shimla,2057
Shimla,Bangalore,2057
Bangalore,Surat,1143
Surat,Bangalore,1143
Bangalore,Trivandrum,696
Trivandrum,Bangalore,696
Bangalore,Varanasi,1752
Varanasi,Bangalore,1752
Bangalore,Vijayawada,637
Vijayawada,Bangalore,637
Bangalore,Vishakapatnam,1093
Vishakapatnam,Bangalore,1093
Baroda,Bhopal,570
Bhopal,Baroda,570
Baroda,Bhubaneshwar,1604
Bhubaneshwar,Baroda,1604
Baroda,Bombay,433
Bombay,Baroda,433
Baroda,Calcutta,1612
Calcutta,Baroda,1612
Baroda,Calicut,1529
Calicut,Baroda,1529
Baroda,Chandigarh,1181
Chandigarh,Baroda,1181
Baroda,Cochin,1726
Cochin,Baroda,1726
Baroda,Coimbatore,1550
Coimbatore,Baroda,1550
Baroda,Delhi,1030
Delhi,Baroda,1030
Baroda,Gwalior,876
Gwalior,Baroda,876
Baroda,Hubli,982
Hubli,Baroda,982
Baroda,Hyderabad,1090
Hyderabad,Baroda,1090
Baroda,Imphal,3116
Imphal,Baroda,3116
Baroda,Indore,379
Indore,Baroda,379
Baroda,Jabalpur,1020
Jabalpur,Baroda,1020
Baroda,Jaipur,767
Jaipur,Baroda,767
Baroda,Jamshedpur,1344
Jamshedpur,Baroda,1344
Baroda,Jullundur,1335
Jullundur,Baroda,1335
Baroda,Kanpur,1068
Kanpur,Baroda,1068
Baroda,Kolhapur,792
Kolhapur,Baroda,792
Baroda,Lucknow,1147
Lucknow,Baroda,1147
Baroda,Ludhiana,1286
Ludhiana,Baroda,1286
Baroda,Madras,1607
Madras,Baroda,1607
Baroda,Madurai,1708
Madurai,Baroda,1708
Baroda,Meerut,1094
Meerut,Baroda,1094
Baroda,Nagpur,774
Nagpur,Baroda,774
Baroda,Nasik,457
Nasik,Baroda,457
Baroda,Panjim,1017
Panjim,Baroda,1017
Baroda,Patna,1582
Patna,Baroda,1582
Baroda,Pondicherry,1604
Pondicherry,Baroda,1604
Baroda,Pune,545
Pune,Baroda,545
Baroda,Ranchi,1712
Ranchi,Baroda,1712
Baroda,Shillong,2399
Shillong,Baroda,2399
Baroda,Shimla,1280
Shimla,Baroda,1280
Baroda,Surat,382
Surat,Baroda,382
Baroda,Trivandrum,1809
Trivandrum,Baroda,1809
Baroda,Varanasi,1304
Varanasi,Baroda,1304
Baroda,Vijayawada,1359
Vijayawada,Baroda,1359
Baroda,Vishakapatnam,1684
Vishakapatnam,Baroda,1684
Bhopal,Bhubaneshwar,1162
Bhubaneshwar,Bhopal,1162
Bhopal,Bombay,778
Bombay,Bhopal,778
Bhopal,Calcutta,1495
Calcutta,Bhopal,1495
Bhopal,Calicut,1668
Calicut,Bhopal,1668
Bhopal,Chandigarh,988
Chandigarh,Bhopal,988
Bhopal,Cochin,1660
Cochin,Bhopal,1660
Bhopal,Coimbatore,1481
Coimbatore,Bhopal,1481
Bhopal,Delhi,742
Delhi,Bhopal,742
Bhopal,Gwalior,688
Gwalior,Bhopal,688
Bhopal,Hubli,1251
Hubli,Bhopal,1251
Bhopal,Hyderabad,808
Hyderabad,Bhopal,808
Bhopal,Imphal,2550
Imphal,Bhopal,2550
Bhopal,Indore,191
Indore,Bhopal,191
Bhopal,Jabalpur,609
Jabalpur,Bhopal,609
Bhopal,Jaipur,596
Jaipur,Bhopal,596
Bhopal,Jamshedpur,1452
Jamshedpur,Bhopal,1452
Bhopal,Jullundur,1117
Jullundur,Bhopal,1117
Bhopal,Kanpur,585
Kanpur,Bhopal,585
Bhopal,Kolhapur,1061
Kolhapur,Bhopal,1061
Bhopal,Lucknow,664
Lucknow,Bhopal,664
Bhopal,Ludhiana,1052
Ludhiana,Bhopal,1052
Bhopal,Madras,1479
Madras,Bhopal,1479
Bhopal,Madurai,1580
Madurai,Bhopal,1580
Bhopal,Meerut,808
Meerut,Bhopal,808
Bhopal,Nagpur,352
Nagpur,Bhopal,352
Bhopal,Nasik,605
Nasik,Bhopal,605
Bhopal,Panjim,1143
Panjim,Bhopal,1143
Bhopal,Patna,1016
Patna,Bhopal,1016
Bhopal,Pondicherry,1476
Pondicherry,Bhopal,1476
Bhopal,Pune,814
Pune,Bhopal,814
Bhopal,Ranchi,1308
Ranchi,Bhopal,1308
Bhopal,Shillong,2035
Shillong,Bhopal,2035
Bhopal,Shimla,1087
Shimla,Bhopal,1087
Bhopal,Surat,786
Surat,Bhopal,786
Bhopal,Trivandrum,1844
Trivandrum,Bhopal,1844
Bhopal,Varanasi,900
Varanasi,Bhopal,900
Bhopal,Vijayawada,1077
Vijayawada,Bhopal,1077
Bhopal,Vishakapatnam,1262
Vishakapatnam,Bhopal,1262
Bhubaneshwar,Bombay,1679
Bombay,Bhubaneshwar,1679
Bhubaneshwar,Calcutta,423
Calcutta,Bhubaneshwar,423
Bhubaneshwar,Calicut,1922
Calicut,Bhubaneshwar,1922
Bhubaneshwar,Chandigarh,1944
Chandigarh,Bhubaneshwar,1944
Bhubaneshwar,Cochin,1828
Cochin,Bhubaneshwar,1828
Bhubaneshwar,Coimbatore,1633
Coimbatore,Bhubaneshwar,1633
Bhubaneshwar,Delhi,1713
Delhi,Bhubaneshwar,1713
Bhubaneshwar,Gwalior,1486
Gwalior,Bhubaneshwar,1486
Bhubaneshwar,Hubli,1530
Hubli,Bhubaneshwar,1530
Bhubaneshwar,Hyderabad,1044
Hyderabad,Bhubaneshwar,1044
Bhubaneshwar,Imphal,2139
Imphal,Bhubaneshwar,2139
Bhubaneshwar,Indore,1275
Indore,Bhubaneshwar,1275
Bhubaneshwar,Jabalpur,1087
Jabalpur,Bhubaneshwar,1087
Bhubaneshwar,Jaipur,1680
Jaipur,Bhubaneshwar,1680
Bhubaneshwar,Jamshedpur,422
Jamshedpur,Bhubaneshwar,422
Bhubaneshwar,Jullundur,2088
Jullundur,Bhubaneshwar,2088
Bhubaneshwar,Kanpur,1283
Kanpur,Bhubaneshwar,1283
Bhubaneshwar,Kolhapur,1622
Kolhapur,Bhubaneshwar,1622
Bhubaneshwar,Lucknow,1254
Lucknow,Bhubaneshwar,1254
Bhubaneshwar,Ludhiana,2023
Ludhiana,Bhubaneshwar,2023
Bhubaneshwar,Madras,1207
Madras,Bhubaneshwar,1207
Bhubaneshwar,Madurai,1687
Madurai,Bhubaneshwar,1687
Bhubaneshwar,Meerut,1707
Meerut,Bhubaneshwar,1707
Bhubaneshwar,Nagpur,830
Nagpur,Bhubaneshwar,830
Bhubaneshwar,Nasik,1516
Nasik,Bhubaneshwar,1516
Bhubaneshwar,Panjim,1397
Panjim,Bhubaneshwar,1397
Bhubaneshwar,Patna,862
Patna,Bhubaneshwar,862
Bhubaneshwar,Pondicherry,1373
Pondicherry,Bhubaneshwar,1373
Bhubaneshwar,Pune,1587
Pune,Bhubaneshwar,1587
Bhubaneshwar,Ranchi,560
Ranchi,Bhubaneshwar,560
Bhubaneshwar,Shillong,1640
Shillong,Bhubaneshwar,1640
Bhubaneshwar,Shimla,1913
Shimla,Bhubaneshwar,1913
Bhubaneshwar,Surat,1579
Surat,Bhubaneshwar,1579
Bhubaneshwar,Trivandrum,1953
Trivandrum,Bhubaneshwar,1953
Bhubaneshwar,Varanasi,968
Varanasi,Bhubaneshwar,968
Bhubaneshwar,Vijayawada,775
Vijayawada,Bhubaneshwar,775
Bhubaneshwar,Vishakapatnam,445
Vishakapatnam,Bhubaneshwar,445
Bombay,Calcutta,1558
Calcutta,Bombay,1558
Bombay,Calicut,1160
Calicut,Bombay,1160
Bombay,Chandigarh,1501
Chandigarh,Bombay,1501
Bombay,Cochin,1360
Cochin,Bombay,1360
Bombay,Coimbatore,1189
Coimbatore,Bombay,1189
Bombay,Delhi,1257
Delhi,Bombay,1257
Bombay,Gwalior,1085
Gwalior,Bombay,1085
Bombay,Hubli,614
Hubli,Bombay,614
Bombay,Hyderabad,729
Hyderabad,Bombay,729
Bombay,Imphal,3275
Imphal,Bombay,3275
Bombay,Indore,589
Indore,Bombay,589
Bombay,Jabalpur,1106
Jabalpur,Bombay,1106
Bombay,Jaipur,994
Jaipur,Bombay,994
Bombay,Jamshedpur,1777
Jamshedpur,Bombay,1777
Bombay,Jullundur,1632
Jullundur,Bombay,1632
Bombay,Kanpur,1278
Kanpur,Bombay,1278
Bombay,Kolhapur,426
Kolhapur,Bombay,426
Bombay,Lucknow,1357
Lucknow,Bombay,1357
Bombay,Ludhiana,1564
Ludhiana,Bombay,1564
Bombay,Madras,1241
Madras,Bombay,1241
Bombay,Madurai,1342
Madurai,Bombay,1342
Bombay,Meerut,1321
Meerut,Bombay,1321
Bombay,Nagpur,849
Nagpur,Bombay,849
Bombay,Nasik,197
Nasik,Bombay,197
Bombay,Panjim,584
Panjim,Bombay,584
Bombay,Patna,1754
Patna,Bombay,1754
Bombay,Pondicherry,1238
Pondicherry,Bombay,1238
Bombay,Pune,184
Pune,Bombay,184
Bombay,Ranchi,1807
Ranchi,Bombay,1807
Bombay,Shillong,2038
Shillong,Bombay,2038
Bombay,Shimla,1600
Shimla,Bombay,1600
Bombay,Surat,301
Surat,Bombay,301
Bombay,Trivandrum,1376
Trivandrum,Bombay,1376
Bombay,Varanasi,1514
Varanasi,Bombay,1514
Bombay,Vijayawada,973
Vijayawada,Bombay,973
Bombay,Vishakapatnam,1328
Vishakapatnam,Bombay,1328
Calcutta,Calicut,1550
Calicut,Calcutta,1550
Calcutta,Chandigarh,1671
Chandigarh,Calcutta,1671
Calcutta,Cochin,1772
Cochin,Calcutta,1772
Calcutta,Coimbatore,1586
Coimbatore,Calcutta,1586
Calcutta,Delhi,1440
Delhi,Calcutta,1440
Calcutta,Gwalior,1224
Gwalior,Calcutta,1224
Calcutta,Hubli,1164
Hubli,Calcutta,1164
Calcutta,Hyderabad,1467
Hyderabad,Calcutta,1467
Calcutta,Imphal,1717
Imphal,Calcutta,1717
Calcutta,Indore,1608
Indore,Calcutta,1608
Calcutta,Jabalpur,1167
Jabalpur,Calcutta,1167
Calcutta,Jaipur,1527
Jaipur,Calcutta,1527
Calcutta,Jamshedpur,268
Jamshedpur,Calcutta,268
Calcutta,Jullundur,1815
Jullundur,Calcutta,1815
Calcutta,Kanpur,1010
Kanpur,Calcutta,1010
Calcutta,Kolhapur,1228
Kolhapur,Calcutta,1228
Calcutta,Lucknow,981
Lucknow,Calcutta,981
Calcutta,Ludhiana,1750
Ludhiana,Calcutta,1750
Calcutta,Madras,1160
Madras,Calcutta,1160
Calcutta,Madurai,1640
Madurai,Calcutta,1640
Calcutta,Meerut,1434
Meerut,Calcutta,1434
Calcutta,Nagpur,1163
Nagpur,Calcutta,1163
Calcutta,Nasik,1675
Nasik,Calcutta,1675
Calcutta,Panjim,974
Panjim,Calcutta,974
Calcutta,Patna,621
Patna,Calcutta,621
Calcutta,Pondicherry,1328
Pondicherry,Calcutta,1328
Calcutta,Pune,1475
Pune,Calcutta,1475
Calcutta,Ranchi,414
Ranchi,Calcutta,414
Calcutta,Shillong,1281
Shillong,Calcutta,1281
Calcutta,Shimla,1640
Shimla,Calcutta,1640
Calcutta,Surat,1756
Surat,Calcutta,1756
Calcutta,Trivandrum,1766
Trivandrum,Calcutta,1766
Calcutta,Varanasi,695
Varanasi,Calcutta,695
Calcutta,Vijayawada,1198
Vijayawada,Calcutta,1198
Calcutta,Vishakapatnam,868
Vishakapatnam,Calcutta,868
Calicut,Chandigarh,2187
Chandigarh,Calicut,2187
Calicut,Cochin,222
Cochin,Calicut,222
Calicut,Coimbatore,417
Coimbatore,Calicut,417
Calicut,Delhi,2089
Delhi,Calicut,2089
Calicut,Gwalior,2042
Gwalior,Calicut,2042
Calicut,Hubli,766
Hubli,Calicut,766
Calicut,Hyderabad,910
Hyderabad,Calicut,910
Calicut,Imphal,3267
Imphal,Calicut,3267
Calicut,Indore,1607
Indore,Calicut,1607
Calicut,Jabalpur,1643
Jabalpur,Calicut,1643
Calicut,Jaipur,1826
Jaipur,Calicut,1826
Calicut,Jamshedpur,1818
Jamshedpur,Calicut,1818
Calicut,Jullundur,2341
Jullundur,Calicut,2341
Calicut,Kanpur,1836
Kanpur,Calicut,1836
Calicut,Kolhapur,830
Kolhapur,Calicut,830
Calicut,Lucknow,1877
Lucknow,Calicut,1877
Calicut,Ludhiana,2292
Ludhiana,Calicut,2292
Calicut,Madras,715
Madras,Calicut,715
Calicut,Madurai,548
Madurai,Calicut,548
Calicut,Meerut,2153
Meerut,Calicut,2153
Calicut,Nagpur,1386
Nagpur,Calicut,1386
Calicut,Nasik,1193
Nasik,Calicut,1193
Calicut,Panjim,576
Panjim,Calicut,576
Calicut,Patna,2045
Patna,Calicut,2045
Calicut,Pondicherry,566
Pondicherry,Calicut,566
Calicut,Pune,984
Pune,Calicut,984
Calicut,Ranchi,1964
Ranchi,Calicut,1964
Calicut,Shillong,2219
Shillong,Calicut,2219
Calicut,Shimla,2286
Shimla,Calicut,2286
Calicut,Surat,1396
Surat,Calicut,1396
Calicut,Trivandrum,440
Trivandrum,Calicut,440
Calicut,Varanasi,2099
Varanasi,Calicut,2099
Calicut,Vijayawada,1147
Vijayawada,Calicut,1147
Calicut,Vishakapatnam,1477
Vishakapatnam,Calicut,1477
Chandigarh,Cochin,1965
Cochin,Chandigarh,1965
Chandigarh,Coimbatore,2160
Coimbatore,Chandigarh,2160
Chandigarh,Delhi,248
Delhi,Chandigarh,248
Chandigarh,Gwalior,462
Gwalior,Chandigarh,462
Chandigarh,Hubli,1567
Hubli,Chandigarh,1567
Chandigarh,Hyderabad,1594
Hyderabad,Chandigarh,1594
Chandigarh,Imphal,2782
Imphal,Chandigarh,2782
Chandigarh,Indore,912
Indore,Chandigarh,912
Chandigarh,Jabalpur,1046
Jabalpur,Chandigarh,1046
Chandigarh,Jaipur,507
Jaipur,Chandigarh,507
Chandigarh,Jamshedpur,1528
Jamshedpur,Chandigarh,1528
Chandigarh,Jullundur,154
Jullundur,Chandigarh,154
Chandigarh,Kanpur,661
Kanpur,Chandigarh,661
Chandigarh,Kolhapur,1782
Kolhapur,Chandigarh,1782
Chandigarh,Lucknow,740
Lucknow,Chandigarh,740
Chandigarh,Ludhiana,105
Ludhiana,Chandigarh,105
Chandigarh,Madras,2099
Madras,Chandigarh,2099
Chandigarh,Madurai,2264
Madurai,Chandigarh,2264
Chandigarh,Meerut,314
Meerut,Chandigarh,314
Chandigarh,Nagpur,1118
Nagpur,Chandigarh,1118
Chandigarh,Nasik,1326
Nasik,Chandigarh,1326
Chandigarh,Panjim,1757
Panjim,Chandigarh,1757
Chandigarh,Patna,1248
Patna,Chandigarh,1248
Chandigarh,Pondicherry,1931
Pondicherry,Chandigarh,1931
Chandigarh,Pune,1535
Pune,Chandigarh,1535
Chandigarh,Ranchi,1384
Ranchi,Chandigarh,1384
Chandigarh,Shillong,2267
Shillong,Chandigarh,2267
Chandigarh,Shimla,99
Shimla,Chandigarh,99
Chandigarh,Surat,1325
Surat,Chandigarh,1325
Chandigarh,Trivandrum,2183
Trivandrum,Chandigarh,2183
Chandigarh,Varanasi,976
Varanasi,Chandigarh,976
Chandigarh,Vijayawada,1860
Vijayawada,Chandigarh,1860
Chandigarh,Vishakapatnam,2028
Vishakapatnam,Chandigarh,2028
Cochin,Coimbatore,195
Coimbatore,Cochin,195
Cochin,Delhi,2097
Delhi,Cochin,2097
Cochin,Gwalior,1881
Gwalior,Cochin,1881
Cochin,Hubli,774
Hubli,Cochin,774
Cochin,Hyderabad,1075
Hyderabad,Cochin,1075
Cochin,Imphal,3489
Imphal,Cochin,3489
Cochin,Indore,1804
Indore,Cochin,1804
Cochin,Jabalpur,1808
Jabalpur,Cochin,1808
Cochin,Jaipur,1834
Jaipur,Cochin,1834
Cochin,Jamshedpur,2040
Jamshedpur,Cochin,2040
Cochin,Jullundur,2119
Jullundur,Cochin,2119
Cochin,Kanpur,1800
Kanpur,Cochin,1800
Cochin,Kolhapur,934
Kolhapur,Cochin,934
Cochin,Lucknow,1841
Lucknow,Cochin,1841
Cochin,Ludhiana,2070
Ludhiana,Cochin,2070
Cochin,Madras,621
Madras,Cochin,621
Cochin,Madurai,326
Madurai,Cochin,326
Cochin,Meerut,2161
Meerut,Cochin,2161
Cochin,Nagpur,1551
Nagpur,Cochin,1551
Cochin,Nasik,1390
Nasik,Cochin,1390
Cochin,Panjim,798
Panjim,Cochin,798
Cochin,Patna,2009
Patna,Cochin,2009
Cochin,Pondicherry,530
Pondicherry,Cochin,530
Cochin,Pune,1181
Pune,Cochin,1181
Cochin,Ranchi,2186
Ranchi,Cochin,2186
Cochin,Shillong,2384
Shillong,Cochin,2384
Cochin,Shimla,2064
Shimla,Cochin,2064
Cochin,Surat,1593
Surat,Cochin,1593
Cochin,Trivandrum,218
Trivandrum,Cochin,218
Cochin,Varanasi,2115
Varanasi,Cochin,2115
Cochin,Vijayawada,1053
Vijayawada,Cochin,1053
Cochin,Vishakapatnam,1383
Vishakapatnam,Cochin,1383
Coimbatore,Delhi,2047
Delhi,Coimbatore,2047
Coimbatore,Gwalior,1960
Gwalior,Coimbatore,1960
Coimbatore,Hubli,724
Hubli,Coimbatore,724
Coimbatore,Hyderabad,896
Hyderabad,Coimbatore,896
Coimbatore,Imphal,3303
Imphal,Coimbatore,3303
Coimbatore,Indore,1628
Indore,Coimbatore,1628
Coimbatore,Jabalpur,1629
Jabalpur,Coimbatore,1629
Coimbatore,Jaipur,1784
Jaipur,Coimbatore,1784
Coimbatore,Jamshedpur,1854
Jamshedpur,Coimbatore,1854
Coimbatore,Jullundur,2314
Jullundur,Coimbatore,2314
Coimbatore,Kanpur,1680
Kanpur,Coimbatore,1680
Coimbatore,Kolhapur,817
Kolhapur,Coimbatore,817
Coimbatore,Lucknow,1721
Lucknow,Coimbatore,1721
Coimbatore,Ludhiana,2265
Ludhiana,Coimbatore,2265
Coimbatore,Madras,426
Madras,Coimbatore,426
Coimbatore,Madurai,521
Madurai,Coimbatore,521
Coimbatore,Meerut,2111
Meerut,Coimbatore,2111
Coimbatore,Nagpur,1372
Nagpur,Coimbatore,1372
Coimbatore,Nasik,1214
Nasik,Coimbatore,1214
Coimbatore,Panjim,773
Panjim,Coimbatore,773
Coimbatore,Patna,1889
Patna,Coimbatore,1889
Coimbatore,Pondicherry,410
Pondicherry,Coimbatore,410
Coimbatore,Pune,1005
Pune,Coimbatore,1005
Coimbatore,Ranchi,2000
Ranchi,Coimbatore,2000
Coimbatore,Shillong,2205
Shillong,Coimbatore,2205
Coimbatore,Shimla,2259
Shimla,Coimbatore,2259
Coimbatore,Surat,1417
Surat,Coimbatore,1417
Coimbatore,Trivandrum,413
Trivandrum,Coimbatore,413
Coimbatore,Varanasi,1995
Varanasi,Coimbatore,1995
Coimbatore,Vijayawada,858
Vijayawada,Coimbatore,858
Coimbatore,Vishakapatnam,1188
Vishakapatnam,Coimbatore,1188
Delhi,Gwalior,315
Gwalior,Delhi,315
Delhi,Hubli,1323
Hubli,Delhi,1323
Delhi,Hyderabad,1446
Hyderabad,Delhi,1446
Delhi,Imphal,2534
Imphal,Delhi,2534
Delhi,Indore,668
Indore,Delhi,668
Delhi,Jabalpur,800
Jabalpur,Delhi,800
Delhi,Jaipur,263
Jaipur,Delhi,263
Delhi,Jamshedpur,1348
Jamshedpur,Delhi,1348
Delhi,Jullundur,375
Jullundur,Delhi,375
Delhi,Kanpur,481
Kanpur,Delhi,481
Delhi,Kolhapur,1538
Kolhapur,Delhi,1538
Delhi,Lucknow,499
Lucknow,Delhi,499
Delhi,Ludhiana,310
Ludhiana,Delhi,310
Delhi,Madras,1895
Madras,Delhi,1895
Delhi,Madurai,2060
Madurai,Delhi,2060
Delhi,Meerut,66
Meerut,Delhi,66
Delhi,Nagpur,970
Nagpur,Delhi,970
Delhi,Nasik,1082
Nasik,Delhi,1082
Delhi,Panjim,1513
Panjim,Delhi,1513
Delhi,Patna,1000
Patna,Delhi,1000
Delhi,Pondicherry,1727
Pondicherry,Delhi,1727
Delhi,Pune,1291
Pune,Delhi,1291
Delhi,Ranchi,1204
Ranchi,Delhi,1204
Delhi,Shillong,2019
Shillong,Delhi,2019
Delhi,Shimla,347
Shimla,Delhi,347
Delhi,Surat,1174
Surat,Delhi,1174
Delhi,Trivandrum,1950
Trivandrum,Delhi,1950
Delhi,Varanasi,745
Varanasi,Delhi,745
Delhi,Vijayawada,1712
Vijayawada,Delhi,1712
Delhi,Vishakapatnam,1880
Vishakapatnam,Delhi,1880
Gwalior,Hubli,1411
Hubli,Gwalior,1411
Gwalior,Hyderabad,1132
Hyderabad,Gwalior,1132
Gwalior,Imphal,2343
Imphal,Gwalior,2343
Gwalior,Indore,497
Indore,Gwalior,497
Gwalior,Jabalpur,823
Jabalpur,Gwalior,823
Gwalior,Jaipur,351
Jaipur,Gwalior,351
Gwalior,Jamshedpur,1147
Jamshedpur,Gwalior,1147
Gwalior,Jullundur,616
Jullundur,Gwalior,616
Gwalior,Kanpur,280
Kanpur,Gwalior,280
Gwalior,Kolhapur,1347
Kolhapur,Gwalior,1347
Gwalior,Lucknow,359
Lucknow,Gwalior,359
Gwalior,Ludhiana,567
Ludhiana,Gwalior,567
Gwalior,Madras,1718
Madras,Gwalior,1718
Gwalior,Madurai,1883
Madurai,Gwalior,1883
Gwalior,Meerut,381
Meerut,Gwalior,381
Gwalior,Nagpur,656
Nagpur,Gwalior,656
Gwalior,Nasik,891
Nasik,Gwalior,891
Gwalior,Panjim,1467
Panjim,Gwalior,1467
Gwalior,Patna,809
Patna,Gwalior,809
Gwalior,Pondicherry,1550
Pondicherry,Gwalior,1550
Gwalior,Pune,1100
Pune,Gwalior,1100
Gwalior,Ranchi,1003
Ranchi,Gwalior,1003
Gwalior,Shillong,1828
Shillong,Gwalior,1828
Gwalior,Shimla,561
Shimla,Gwalior,561
Gwalior,Surat,1104
Surat,Gwalior,1104
Gwalior,Trivandrum,2099
Trivandrum,Gwalior,2099
Gwalior,Varanasi,595
Varanasi,Gwalior,595
Gwalior,Vijayawada,1398
Vijayawada,Gwalior,1398
Gwalior,Vishakapatnam,1566
Vishakapatnam,Gwalior,1566
Hubli,Hyderabad,486
Hyderabad,Hubli,486
Hubli,Imphal,2881
Imphal,Hubli,2881
Hubli,Indore,1060
Indore,Hubli,1060
Hubli,Jabalpur,1219
Jabalpur,Hubli,1219
Hubli,Jaipur,1060
Jaipur,Hubli,1060
Hubli,Jamshedpur,1432
Jamshedpur,Hubli,1432
Hubli,Jullundur,1698
Jullundur,Hubli,1698
Hubli,Kanpur,1577
Kanpur,Hubli,1577
Hubli,Kolhapur,444
Kolhapur,Hubli,444
Hubli,Lucknow,1656
Lucknow,Hubli,1656
Hubli,Ludhiana,1630
Ludhiana,Hubli,1630
Hubli,Madras,683
Madras,Hubli,683
Hubli,Madurai,823
Madurai,Hubli,823
Hubli,Meerut,1387
Meerut,Hubli,1387
Hubli,Nagpur,962
Nagpur,Hubli,962
Hubli,Nasik,646
Nasik,Hubli,646
Hubli,Panjim,190
Panjim,Hubli,190
Hubli,Patna,1785
Patna,Hubli,1785
Hubli,Pondicherry,653
Pondicherry,Hubli,653
Hubli,Pune,437
Pune,Hubli,437
Hubli,Ranchi,1578
Ranchi,Hubli,1578
Hubli,Shillong,1795
Shillong,Hubli,1795
Hubli,Shimla,1666
Shimla,Hubli,1666
Hubli,Surat,849
Surat,Hubli,849
Hubli,Trivandrum,982
Trivandrum,Hubli,982
Hubli,Varanasi,1675
Varanasi,Hubli,1675
Hubli,Vijayawada,755
Vijayawada,Hubli,755
Hubli,Vishakapatnam,1085
Vishakapatnam,Hubli,1085
Hyderabad,Imphal,3003
Imphal,Hyderabad,3003
Hyderabad,Indore,921
Indore,Hyderabad,921
Hyderabad,Jabalpur,733
Jabalpur,Hyderabad,733
Hyderabad,Jaipur,1326
Jaipur,Hyderabad,1326
Hyderabad,Jamshedpur,1466
Jamshedpur,Hyderabad,1466
Hyderabad,Jullundur,1748
Jullundur,Hyderabad,1748
Hyderabad,Kanpur,1253
Kanpur,Hyderabad,1253
Hyderabad,Kolhapur,578
Kolhapur,Hyderabad,578
Hyderabad,Lucknow,1317
Lucknow,Hyderabad,1317
Hyderabad,Ludhiana,1699
Ludhiana,Hyderabad,1699
Hyderabad,Madras,699
Madras,Hyderabad,699
Hyderabad,Madurai,995
Madurai,Hyderabad,995
Hyderabad,Meerut,1470
Meerut,Hyderabad,1470
Hyderabad,Nagpur,476
Nagpur,Hyderabad,476
Hyderabad,Nasik,754
Nasik,Hyderabad,754
Hyderabad,Panjim,676
Panjim,Hyderabad,676
Hyderabad,Patna,1469
Patna,Hyderabad,1469
Hyderabad,Pondicherry,865
Pondicherry,Hyderabad,865
Hyderabad,Pune,545
Pune,Hyderabad,545
Hyderabad,Ranchi,1434
Ranchi,Hyderabad,1434
Hyderabad,Shillong,1309
Shillong,Hyderabad,1309
Hyderabad,Shimla,1693
Shimla,Hyderabad,1693
Hyderabad,Surat,957
Surat,Hyderabad,957
Hyderabad,Trivandrum,1259
Trivandrum,Hyderabad,1259
Hyderabad,Varanasi,1189
Varanasi,Hyderabad,1189
Hyderabad,Vijayawada,269
Vijayawada,Hyderabad,269
Hyderabad,Vishakapatnam,599
Vishakapatnam,Hyderabad,599
Imphal,Indore,2739
Indore,Imphal,2739
Imphal,Jabalpur,2270
Jabalpur,Imphal,2270
Imphal,Jaipur,2646
Jaipur,Imphal,2646
Imphal,Jamshedpur,1985
Jamshedpur,Imphal,1985
Imphal,Jullundur,2909
Jullundur,Imphal,2909
Imphal,Kanpur,2129
Kanpur,Imphal,2129
Imphal,Kolhapur,2945
Kolhapur,Imphal,2945
Imphal,Lucknow,2100
Lucknow,Imphal,2100
Imphal,Ludhiana,2844
Ludhiana,Imphal,2844
Imphal,Madras,2877
Madras,Imphal,2877
Imphal,Madurai,3346
Madurai,Imphal,3346
Imphal,Meerut,2468
Meerut,Imphal,2468
Imphal,Nagpur,2527
Nagpur,Imphal,2527
Imphal,Nasik,3091
Nasik,Imphal,3091
Imphal,Panjim,2691
Panjim,Imphal,2691
Imphal,Patna,1534
Patna,Imphal,1534
Imphal,Pondicherry,3013
Pondicherry,Imphal,3013
Imphal,Pune,3192
Pune,Imphal,3192
Imphal,Ranchi,1836
Ranchi,Imphal,1836
Imphal,Shillong,2553
Shillong,Imphal,2553
Imphal,Shimla,2759
Shimla,Imphal,2759
Imphal,Surat,3276
Surat,Imphal,3276
Imphal,Trivandrum,3483
Trivandrum,Imphal,3483
Imphal,Varanasi,1814
Varanasi,Imphal,1814
Imphal,Vijayawada,2914
Vijayawada,Imphal,2914
Imphal,Vishakapatnam,2584
Vishakapatnam,Imphal,2584
Indore,Jabalpur,702
Jabalpur,Indore,702
Indore,Jaipur,405
Jaipur,Indore,405
Indore,Jamshedpur,1477
Jamshedpur,Indore,1477
Indore,Jullundur,1043
Jullundur,Indore,1043
Indore,Kanpur,689
Kanpur,Indore,689
Indore,Kolhapur,870
Kolhapur,Indore,870
Indore,Lucknow,768
Lucknow,Indore,768
Indore,Ludhiana,975
Ludhiana,Indore,975
Indore,Madras,1619
Madras,Indore,1619
Indore,Madurai,1771
Madurai,Indore,1771
Indore,Meerut,732
Meerut,Indore,732
Indore,Nagpur,445
Nagpur,Indore,445
Indore,Nasik,414
Nasik,Indore,414
Indore,Panjim,1115
Panjim,Indore,1115
Indore,Patna,1205
Patna,Indore,1205
Indore,Pondicherry,1667
Pondicherry,Indore,1667
Indore,Pune,623
Pune,Indore,623
Indore,Ranchi,1333
Ranchi,Indore,1333
Indore,Shillong,2224
Shillong,Indore,2224
Indore,Shimla,1011
Shimla,Indore,1011
Indore,Surat,607
Surat,Indore,607
Indore,Trivandrum,1907
Trivandrum,Indore,1907
Indore,Varanasi,925
Varanasi,Indore,925
Indore,Vijayawada,1187
Vijayawada,Indore,1187
Indore,Vishakapatnam,1355
Vishakapatnam,Indore,1355
Jabalpur,Jaipur,845
Jaipur,Jabalpur,845
Jabalpur,Jamshedpur,1209
Jamshedpur,Jabalpur,1209
Jabalpur,Jullundur,1175
Jullundur,Jabalpur,1175
Jabalpur,Kanpur,543
Kanpur,Jabalpur,543
Jabalpur,Kolhapur,1250
Kolhapur,Jabalpur,1250
Jabalpur,Lucknow,584
Lucknow,Jabalpur,584
Jabalpur,Ludhiana,1110
Ludhiana,Jabalpur,1110
Jabalpur,Madras,1431
Madras,Jabalpur,1431
Jabalpur,Madurai,1728
Madurai,Jabalpur,1728
Jabalpur,Meerut,866
Meerut,Jabalpur,866
Jabalpur,Nagpur,257
Nagpur,Jabalpur,257
Jabalpur,Nasik,943
Nasik,Jabalpur,943
Jabalpur,Panjim,1088
Panjim,Jabalpur,1088
Jabalpur,Patna,736
Patna,Jabalpur,736
Jabalpur,Pondicherry,1597
Pondicherry,Jabalpur,1597
Jabalpur,Pune,1003
Pune,Jabalpur,1003
Jabalpur,Ranchi,1038
Ranchi,Jabalpur,1038
Jabalpur,Shillong,1755
Shillong,Jabalpur,1755
Jabalpur,Shimla,1145
Shimla,Jabalpur,1145
Jabalpur,Surat,1006
Surat,Jabalpur,1006
Jabalpur,Trivandrum,1880
Trivandrum,Jabalpur,1880
Jabalpur,Varanasi,858
Varanasi,Jabalpur,858
Jabalpur,Vijayawada,999
Vijayawada,Jabalpur,999
Jabalpur,Vishakapatnam,1167
Vishakapatnam,Jabalpur,1167
Jaipur,Jamshedpur,1384
Jamshedpur,Jaipur,1384
Jaipur,Jullundur,638
Jullundur,Jaipur,638
Jaipur,Kanpur,517
Kanpur,Jaipur,517
Jaipur,Kolhapur,1275
Kolhapur,Jaipur,1275
Jaipur,Lucknow,596
Lucknow,Jaipur,596
Jaipur,Ludhiana,570
Ludhiana,Jaipur,570
Jaipur,Madras,1743
Madras,Jaipur,1743
Jaipur,Madurai,1883
Madurai,Jaipur,1883
Jaipur,Meerut,327
Meerut,Jaipur,327
Jaipur,Nagpur,850
Nagpur,Jaipur,850
Jaipur,Nasik,819
Nasik,Jaipur,819
Jaipur,Panjim,1250
Panjim,Jaipur,1250
Jaipur,Patna,1112
Patna,Jaipur,1112
Jaipur,Pondicherry,1713
Pondicherry,Jaipur,1713
Jaipur,Pune,1028
Pune,Jaipur,1028
Jaipur,Ranchi,1240
Ranchi,Jaipur,1240
Jaipur,Shillong,2131
Shillong,Jaipur,2131
Jaipur,Shimla,606
Shimla,Jaipur,606
Jaipur,Surat,911
Surat,Jaipur,911
Jaipur,Trivandrum,2042
Trivandrum,Jaipur,2042
Jaipur,Varanasi,832
Varanasi,Jaipur,832
Jaipur,Vijayawada,1592
Vijayawada,Jaipur,1592
Jaipur,Vishakapatnam,1760
Vishakapatnam,Jaipur,1760
Jamshedpur,Jullundur,1682
Jullundur,Jamshedpur,1682
Jamshedpur,Kanpur,867
Kanpur,Jamshedpur,867
Jamshedpur,Kolhapur,1496
Kolhapur,Jamshedpur,1496
Jamshedpur,Lucknow,946
Lucknow,Jamshedpur,946
Jamshedpur,Ludhiana,1633
Ludhiana,Jamshedpur,1633
Jamshedpur,Madras,1428
Madras,Jamshedpur,1428
Jamshedpur,Madurai,1908
Madurai,Jamshedpur,1908
Jamshedpur,Meerut,1399
Meerut,Jamshedpur,1399
Jamshedpur,Nagpur,1102
Nagpur,Jamshedpur,1102
Jamshedpur,Nasik,1729
Nasik,Jamshedpur,1729
Jamshedpur,Panjim,1242
Panjim,Jamshedpur,1242
Jamshedpur,Patna,473
Patna,Jamshedpur,473
Jamshedpur,Pondicherry,1596
Pondicherry,Jamshedpur,1596
Jamshedpur,Pune,1743
Pune,Jamshedpur,1743
Jamshedpur,Ranchi,682
Ranchi,Jamshedpur,682
Jamshedpur,Shillong,1492
Shillong,Jamshedpur,1492
Jamshedpur,Shimla,1605
Shimla,Jamshedpur,1605
Jamshedpur,Surat,1488
Surat,Jamshedpur,1488
Jamshedpur,Trivandrum,2034
Trivandrum,Jamshedpur,2034
Jamshedpur,Varanasi,753
Varanasi,Jamshedpur,753
Jamshedpur,Vijayawada,1197
Vijayawada,Jamshedpur,1197
Jamshedpur,Vishakapatnam,867
Vishakapatnam,Jamshedpur,867
Jullundur,Kanpur,815
Kanpur,Jullundur,815
Jullundur,Kolhapur,1913
Kolhapur,Jullundur,1913
Jullundur,Lucknow,868
Lucknow,Jullundur,868
Jullundur,Ludhiana,259
Ludhiana,Jullundur,259
Jullundur,Madras,2253
Madras,Jullundur,2253
Jullundur,Madurai,2418
Madurai,Jullundur,2418
Jullundur,Meerut,441
Meerut,Jullundur,441
Jullundur,Nagpur,1272
Nagpur,Jullundur,1272
Jullundur,Nasik,1457
Nasik,Jullundur,1457
Jullundur,Panjim,1888
Panjim,Jullundur,1888
Jullundur,Patna,1375
Patna,Jullundur,1375
Jullundur,Pondicherry,2085
Pondicherry,Jullundur,2085
Jullundur,Pune,1666
Pune,Jullundur,1666
Jullundur,Ranchi,1538
Ranchi,Jullundur,1538
Jullundur,Shillong,2394
Shillong,Jullundur,2394
Jullundur,Shimla,253
Shimla,Jullundur,253
Jullundur,Surat,1479
Surat,Jullundur,1479
Jullundur,Trivandrum,2325
Trivandrum,Jullundur,2325
Jullundur,Varanasi,1120
Varanasi,Jullundur,1120
Jullundur,Vijayawada,2014
Vijayawada,Jullundur,2014
Jullundur,Vishakapatnam,2182
Vishakapatnam,Jullundur,2182
Kanpur,Kolhapur,1559
Kolhapur,Kanpur,1559
Kanpur,Lucknow,79
Lucknow,Kanpur,79
Kanpur,Ludhiana,766
Ludhiana,Kanpur,766
Kanpur,Madras,1438
Madras,Kanpur,1438
Kanpur,Madurai,1603
Madurai,Kanpur,1603
Kanpur,Meerut,532
Meerut,Kanpur,532
Kanpur,Nagpur,777
Nagpur,Kanpur,777
Kanpur,Nasik,1103
Nasik,Kanpur,1103
Kanpur,Panjim,1612
Panjim,Kanpur,1612
Kanpur,Patna,595
Patna,Kanpur,595
Kanpur,Pondicherry,1270
Pondicherry,Kanpur,1270
Kanpur,Pune,1312
Pune,Kanpur,1312
Kanpur,Ranchi,723
Ranchi,Kanpur,723
Kanpur,Shillong,1614
Shillong,Kanpur,1614
Kanpur,Shimla,738
Shimla,Kanpur,738
Kanpur,Surat,1296
Surat,Kanpur,1296
Kanpur,Trivandrum,1892
Trivandrum,Kanpur,1892
Kanpur,Varanasi,315
Varanasi,Kanpur,315
Kanpur,Vijayawada,1519
Vijayawada,Kanpur,1519
Kanpur,Vishakapatnam,1687
Vishakapatnam,Kanpur,1687
Kolhapur,Lucknow,1638
Lucknow,Kolhapur,1638
Kolhapur,Ludhiana,1845
Ludhiana,Kolhapur,1845
Kolhapur,Madras,815
Madras,Kolhapur,815
Kolhapur,Madurai,916
Madurai,Kolhapur,916
Kolhapur,Meerut,1602
Meerut,Kolhapur,1602
Kolhapur,Nagpur,1050
Nagpur,Kolhapur,1050
Kolhapur,Nasik,456
Nasik,Kolhapur,456
Kolhapur,Panjim,254
Panjim,Kolhapur,254
Kolhapur,Patna,1849
Patna,Kolhapur,1849
Kolhapur,Pondicherry,812
Pondicherry,Kolhapur,812
Kolhapur,Pune,247
Pune,Kolhapur,247
Kolhapur,Ranchi,1642
Ranchi,Kolhapur,1642
Kolhapur,Shillong,1887
Shillong,Kolhapur,1887
Kolhapur,Shimla,1881
Shimla,Kolhapur,1881
Kolhapur,Surat,659
Surat,Kolhapur,659
Kolhapur,Trivandrum,1046
Trivandrum,Kolhapur,1046
Kolhapur,Varanasi,1706
Varanasi,Kolhapur,1706
Kolhapur,Vijayawada,847
Vijayawada,Kolhapur,847
Kolhapur,Vishakapatnam,1177
Vishakapatnam,Kolhapur,1177
Lucknow,Ludhiana,803
Ludhiana,Lucknow,803
Lucknow,Madras,1479
Madras,Lucknow,1479
Lucknow,Madurai,1644
Madurai,Lucknow,1644
Lucknow,Meerut,453
Meerut,Lucknow,453
Lucknow,Nagpur,841
Nagpur,Lucknow,841
Lucknow,Nasik,1182
Nasik,Lucknow,1182
Lucknow,Panjim,1653
Panjim,Lucknow,1653
Lucknow,Patna,566
Patna,Lucknow,566
Lucknow,Pondicherry,1311
Pondicherry,Lucknow,1311
Lucknow,Pune,1391
Pune,Lucknow,1391
Lucknow,Ranchi,802
Ranchi,Lucknow,802
Lucknow,Shillong,1585
Shillong,Lucknow,1585
Lucknow,Shimla,659
Shimla,Lucknow,659
Lucknow,Surat,1375
Surat,Lucknow,1375
Lucknow,Trivandrum,1933
Trivandrum,Lucknow,1933
Lucknow,Varanasi,286
Varanasi,Lucknow,286
Lucknow,Vijayawada,1583
Vijayawada,Lucknow,1583
Lucknow,Vishakapatnam,1699
Vishakapatnam,Lucknow,1699
Ludhiana,Madras,2204
Madras,Ludhiana,2204
Ludhiana,Madurai,2369
Madurai,Ludhiana,2369
Ludhiana,Meerut,376
Meerut,Ludhiana,376
Ludhiana,Nagpur,1223
Nagpur,Ludhiana,1223
Ludhiana,Nasik,1389
Nasik,Ludhiana,1389
Ludhiana,Panjim,1820
Panjim,Ludhiana,1820
Ludhiana,Patna,1310
Patna,Ludhiana,1310
Ludhiana,Pondicherry,2036
Pondicherry,Ludhiana,2036
Ludhiana,Pune,1598
Pune,Ludhiana,1598
Ludhiana,Ranchi,1489
Ranchi,Ludhiana,1489
Ludhiana,Shillong,2329
Shillong,Ludhiana,2329
Ludhiana,Shimla,204
Shimla,Ludhiana,204
Ludhiana,Surat,1430
Surat,Ludhiana,1430
Ludhiana,Trivandrum,2260
Trivandrum,Ludhiana,2260
Ludhiana,Varanasi,1055
Varanasi,Ludhiana,1055
Ludhiana,Vijayawada,1965
Vijayawada,Ludhiana,1965
Ludhiana,Vishakapatnam,2133
Vishakapatnam,Ludhiana,2133
Madras,Madurai,480
Madurai,Madras,480
Madras,Meerut,1932
Meerut,Madras,1932
Madras,Nagpur,1174
Nagpur,Madras,1174
Madras,Nasik,1271
Nasik,Madras,1271
Madras,Panjim,771
Panjim,Madras,771
Madras,Patna,1647
Patna,Madras,1647
Madras,Pondicherry,168
Pondicherry,Madras,168
Madras,Pune,1062
Pune,Madras,1062
Madras,Ranchi,1574
Ranchi,Madras,1574
Madras,Shillong,2008
Shillong,Madras,2008
Madras,Shimla,2138
Shimla,Madras,2138
Madras,Surat,1474
Surat,Madras,1474
Madras,Trivandrum,748
Trivandrum,Madras,748
Madras,Varanasi,1753
Varanasi,Madras,1753
Madras,Vijayawada,432
Vijayawada,Madras,432
Madras,Vishakapatnam,762
Vishakapatnam,Madras,762
Madurai,Meerut,2097
Meerut,Madurai,2097
Madurai,Nagpur,1471
Nagpur,Madurai,1471
Madurai,Nasik,1372
Nasik,Madurai,1372
Madurai,Panjim,872
Panjim,Madurai,872
Madurai,Patna,1812
Patna,Madurai,1812
Madurai,Pondicherry,333
Pondicherry,Madurai,333
Madurai,Pune,1163
Pune,Madurai,1163
Madurai,Ranchi,2054
Ranchi,Madurai,2054
Madurai,Shillong,2304
Shillong,Madurai,2304
Madurai,Shimla,2303
Shimla,Madurai,2303
Madurai,Surat,1575
Surat,Madurai,1575
Madurai,Trivandrum,544
Trivandrum,Madurai,544
Madurai,Varanasi,1918
Varanasi,Madurai,1918
Madurai,Vijayawada,912
Vijayawada,Madurai,912
Madurai,Vishakapatnam,1242
Vishakapatnam,Madurai,1242
Meerut,Nagpur,994
Nagpur,Meerut,994
Meerut,Nasik,1146
Nasik,Meerut,1146
Meerut,Panjim,1577
Panjim,Meerut,1577
Meerut,Patna,934
Patna,Meerut,934
Meerut,Pondicherry,1764
Pondicherry,Meerut,1764
Meerut,Pune,1355
Pune,Meerut,1355
Meerut,Ranchi,1236
Ranchi,Meerut,1236
Meerut,Shillong,1953
Shillong,Meerut,1953
Meerut,Shimla,413
Shimla,Meerut,413
Meerut,Surat,1238
Surat,Meerut,1238
Meerut,Trivandrum,2016
Trivandrum,Meerut,2016
Meerut,Varanasi,739
Varanasi,Meerut,739
Meerut,Vijayawada,1736
Vijayawada,Meerut,1736
Meerut,Vishakapatnam,1904
Vishakapatnam,Meerut,1904
Nagpur,Nasik,700
Nasik,Nagpur,700
Nagpur,Panjim,1152
Panjim,Nagpur,1152
Nagpur,Patna,993
Patna,Nagpur,993
Nagpur,Pondicherry,1340
Pondicherry,Nagpur,1340
Nagpur,Pune,909
Pune,Nagpur,909
Nagpur,Ranchi,958
Ranchi,Nagpur,958
Nagpur,Shillong,1785
Shillong,Nagpur,1785
Nagpur,Shimla,1217
Shimla,Nagpur,1217
Nagpur,Surat,749
Surat,Nagpur,749
Nagpur,Trivandrum,1735
Trivandrum,Nagpur,1735
Nagpur,Varanasi,713
Varanasi,Nagpur,713
Nagpur,Vijayawada,742
Vijayawada,Nagpur,742
Nagpur,Vishakapatnam,910
Vishakapatnam,Nagpur,910
Nasik,Panjim,701
Panjim,Nasik,701
Nasik,Patna,1557
Patna,Nasik,1557
Nasik,Pondicherry,1268
Pondicherry,Nasik,1268
Nasik,Pune,209
Pune,Nasik,209
Nasik,Ranchi,1615
Ranchi,Nasik,1615
Nasik,Shillong,2063
Shillong,Nasik,2063
Nasik,Shimla,1425
Shimla,Nasik,1425
Nasik,Surat,262
Surat,Nasik,262
Nasik,Trivandrum,1493
Trivandrum,Nasik,1493
Nasik,Varanasi,1339
Varanasi,Nasik,1339
Nasik,Vijayawada,1023
Vijayawada,Nasik,1023
Nasik,Vishakapatnam,1353
Vishakapatnam,Nasik,1353
Panjim,Patna,1595
Patna,Panjim,1595
Panjim,Pondicherry,739
Pondicherry,Panjim,739
Panjim,Pune,501
Pune,Panjim,501
Panjim,Ranchi,1388
Ranchi,Panjim,1388
Panjim,Shillong,1985
Shillong,Panjim,1985
Panjim,Shimla,1856
Shimla,Panjim,1856
Panjim,Surat,885
Surat,Panjim,885
Panjim,Trivandrum,792
Trivandrum,Panjim,792
Panjim,Varanasi,1524
Varanasi,Panjim,1524
Panjim,Vijayawada,876
Vijayawada,Panjim,876
Panjim,Vishakapatnam,1206
Vishakapatnam,Panjim,1206
Patna,Pondicherry,1479
Pondicherry,Patna,1479
Patna,Pune,1738
Pune,Patna,1738
Patna,Ranchi,302
Ranchi,Patna,302
Patna,Shillong,1019
Shillong,Patna,1019
Patna,Shimla,1225
Shimla,Patna,1225
Patna,Surat,1742
Surat,Patna,1742
Patna,Trivandrum,2101
Trivandrum,Patna,2101
Patna,Varanasi,280
Varanasi,Patna,280
Patna,Vijayawada,1637
Vijayawada,Patna,1637
Patna,Vishakapatnam,1307
Vishakapatnam,Patna,1307
Pondicherry,Pune,1059
Pune,Pondicherry,1059
Pondicherry,Ranchi,1742
Ranchi,Pondicherry,1742
Pondicherry,Shillong,2174
Shillong,Pondicherry,2174
Pondicherry,Shimla,1970
Shimla,Pondicherry,1970
Pondicherry,Surat,1471
Surat,Pondicherry,1471
Pondicherry,Trivandrum,622
Trivandrum,Pondicherry,622
Pondicherry,Varanasi,1585
Varanasi,Pondicherry,1585
Pondicherry,Vijayawada,598
Vijayawada,Pondicherry,598
Pondicherry,Vishakapatnam,930
Vishakapatnam,Pondicherry,930
Pune,Ranchi,1675
Ranchi,Pune,1675
Pune,Shillong,1854
Shillong,Pune,1854
Pune,Shimla,1634
Shimla,Pune,1634
Pune,Surat,412
Surat,Pune,412
Pune,Trivandrum,1293
Trivandrum,Pune,1293
Pune,Varanasi,1459
Varanasi,Pune,1459
Pune,Vijayawada,814
Vijayawada,Pune,814
Pune,Vishakapatnam,1144
Vishakapatnam,Pune,1144
Ranchi,Shillong,1321
Shillong,Ranchi,1321
Ranchi,Shimla,1461
Shimla,Ranchi,1461
Ranchi,Surat,1707
Surat,Ranchi,1707
Ranchi,Trivandrum,2180
Trivandrum,Ranchi,2180
Ranchi,Varanasi,582
Varanasi,Ranchi,582
Ranchi,Vijayawada,1335
Vijayawada,Ranchi,1335
Ranchi,Vishakapatnam,1005
Vishakapatnam,Ranchi,1005
Shillong,Shimla,2244
Shimla,Shillong,2244
Shillong,Surat,2266
Surat,Shillong,2266
Shillong,Trivandrum,2568
Trivandrum,Shillong,2568
Shillong,Varanasi,1299
Varanasi,Shillong,1299
Shillong,Vijayawada,1578
Vijayawada,Shillong,1578
Shillong,Vishakapatnam,1908
Vishakapatnam,Shillong,1908
Shimla,Surat,1424
Surat,Shimla,1424
Shimla,Trivandrum,2282
Trivandrum,Shimla,2282
Shimla,Varanasi,945
Varanasi,Shimla,945
Shimla,Vijayawada,1959
Vijayawada,Shimla,1959
Shimla,Vishakapatnam,2127
Vishakapatnam,Shimla,2127
Surat,Trivandrum,1677
Trivandrum,Surat,1677
Surat,Varanasi,1462
Varanasi,Surat,1462
Surat,Vijayawada,1226
Vijayawada,Surat,1226
Surat,Vishakapatnam,1556
Vishakapatnam,Surat,1556
Trivandrum,Varanasi,2207
Varanasi,Trivandrum,2207
Trivandrum,Vijayawada,1180
Vijayawada,Trivandrum,1180
Trivandrum,Vishakapatnam,1510
Vishakapatnam,Trivandrum,1510
Varanasi,Vijayawada,1455
Vijayawada,Varanasi,1455
Varanasi,Vishakapatnam,1413
Vishakapatnam,Varanasi,1413
Vijayawada,Vishakapatnam,868
Vishakapatnam,Vijayawada,868
